Campaign,Ad Group,Keyword,Criterion Type,Grupa wykluczeń
DEWAX | Gruntowa pompa ciepła,,powietrze woda,Negative Phrase,inne typy pomp i urządzeń
DEWAX | Gruntowa pompa ciepła,,powietrze powietrze,Negative Phrase,inne typy pomp i urządzeń
DEWAX | Gruntowa pompa ciepła,,monoblok,Negative Phrase,inne typy pomp i urządzeń
DEWAX | Gruntowa pompa ciepła,,split,Negative Phrase,inne typy pomp i urządzeń
DEWAX | Gruntowa pompa ciepła,,klimatyzacja,Negative Phrase,inne typy pomp i urządzeń
DEWAX | Gruntowa pompa ciepła,,klimatyzator,Negative Phrase,inne typy pomp i urządzeń
DEWAX | Gruntowa pompa ciepła,,klimatyzatory,Negative Phrase,inne typy pomp i urządzeń
DEWAX | Gruntowa pompa ciepła,,basen,Negative Phrase,inne typy pomp i urządzeń
DEWAX | Gruntowa pompa ciepła,,basenowa,Negative Phrase,inne typy pomp i urządzeń
DEWAX | Gruntowa pompa ciepła,,basenowe,Negative Phrase,inne typy pomp i urządzeń
DEWAX | Gruntowa pompa ciepła,,do cwu,Negative Phrase,inne typy pomp i urządzeń
DEWAX | Gruntowa pompa ciepła,,cwu,Negative Phrase,inne typy pomp i urządzeń
DEWAX | Gruntowa pompa ciepła,,bojler,Negative Phrase,inne typy pomp i urządzeń
DEWAX | Gruntowa pompa ciepła,,podgrzewacz,Negative Phrase,inne typy pomp i urządzeń
DEWAX | Gruntowa pompa ciepła,,grzałka,Negative Phrase,inne typy pomp i urządzeń
DEWAX | Gruntowa pompa ciepła,,hybrydowa,Negative Phrase,inne typy pomp i urządzeń
DEWAX | Gruntowa pompa ciepła,,kocioł gazowy cena,Negative Phrase,inne typy pomp i urządzeń
DEWAX | Gruntowa pompa ciepła,,schemat,Negative Phrase,"informacje, DIY, schematy"
DEWAX | Gruntowa pompa ciepła,,schematy,Negative Phrase,"informacje, DIY, schematy"
DEWAX | Gruntowa pompa ciepła,,instrukcja,Negative Phrase,"informacje, DIY, schematy"
DEWAX | Gruntowa pompa ciepła,,jak podłączyć,Negative Phrase,"informacje, DIY, schematy"
DEWAX | Gruntowa pompa ciepła,,podłączenie,Negative Phrase,"informacje, DIY, schematy"
DEWAX | Gruntowa pompa ciepła,,sterownik,Negative Phrase,"informacje, DIY, schematy"
DEWAX | Gruntowa pompa ciepła,,samodzielny montaż,Negative Phrase,"informacje, DIY, schematy"
DEWAX | Gruntowa pompa ciepła,,zrób sam,Negative Phrase,"informacje, DIY, schematy"
DEWAX | Gruntowa pompa ciepła,,jak działa,Negative Phrase,"informacje, DIY, schematy"
DEWAX | Gruntowa pompa ciepła,,zasada działania,Negative Phrase,"informacje, DIY, schematy"
DEWAX | Gruntowa pompa ciepła,,na czym polega,Negative Phrase,"informacje, DIY, schematy"
DEWAX | Gruntowa pompa ciepła,,co to jest,Negative Phrase,"informacje, DIY, schematy"
DEWAX | Gruntowa pompa ciepła,,definicja,Negative Phrase,"informacje, DIY, schematy"
DEWAX | Gruntowa pompa ciepła,,wikipedia,Negative Phrase,"informacje, DIY, schematy"
DEWAX | Gruntowa pompa ciepła,,forum,Negative Phrase,"informacje, DIY, schematy"
DEWAX | Gruntowa pompa ciepła,,ranking,Negative Phrase,"informacje, DIY, schematy"
DEWAX | Gruntowa pompa ciepła,,pdf,Negative Phrase,"informacje, DIY, schematy"
DEWAX | Gruntowa pompa ciepła,,test,Negative Phrase,"informacje, DIY, schematy"
DEWAX | Gruntowa pompa ciepła,,praca,Negative Phrase,"praca, kursy, serwis, części"
DEWAX | Gruntowa pompa ciepła,,zatrudnię,Negative Phrase,"praca, kursy, serwis, części"
DEWAX | Gruntowa pompa ciepła,,zatrudnimy,Negative Phrase,"praca, kursy, serwis, części"
DEWAX | Gruntowa pompa ciepła,,kurs,Negative Phrase,"praca, kursy, serwis, części"
DEWAX | Gruntowa pompa ciepła,,szkolenie,Negative Phrase,"praca, kursy, serwis, części"
DEWAX | Gruntowa pompa ciepła,,uprawnienia,Negative Phrase,"praca, kursy, serwis, części"
DEWAX | Gruntowa pompa ciepła,,serwis,Negative Phrase,"praca, kursy, serwis, części"
DEWAX | Gruntowa pompa ciepła,,naprawa,Negative Phrase,"praca, kursy, serwis, części"
DEWAX | Gruntowa pompa ciepła,,awaria,Negative Phrase,"praca, kursy, serwis, części"
DEWAX | Gruntowa pompa ciepła,,błąd,Negative Phrase,"praca, kursy, serwis, części"
DEWAX | Gruntowa pompa ciepła,,kod błędu,Negative Phrase,"praca, kursy, serwis, części"
DEWAX | Gruntowa pompa ciepła,,usterka,Negative Phrase,"praca, kursy, serwis, części"
DEWAX | Gruntowa pompa ciepła,,części,Negative Phrase,"praca, kursy, serwis, części"
DEWAX | Gruntowa pompa ciepła,,część,Negative Phrase,"praca, kursy, serwis, części"
DEWAX | Gruntowa pompa ciepła,,sprężarka,Negative Phrase,"praca, kursy, serwis, części"
DEWAX | Gruntowa pompa ciepła,,używana,Negative Phrase,"praca, kursy, serwis, części"
DEWAX | Gruntowa pompa ciepła,,używane,Negative Phrase,"praca, kursy, serwis, części"
DEWAX | Gruntowa pompa ciepła,,używany,Negative Phrase,"praca, kursy, serwis, części"
DEWAX | Gruntowa pompa ciepła,,olx,Negative Phrase,"praca, kursy, serwis, części"
DEWAX | Gruntowa pompa ciepła,,allegro,Negative Phrase,"praca, kursy, serwis, części"
DEWAX | Gruntowa pompa ciepła,,sprzedam,Negative Phrase,"praca, kursy, serwis, części"
DEWAX | Gruntowa pompa ciepła,,najtańsza,Negative Phrase,"praca, kursy, serwis, części"
DEWAX | Gruntowa pompa ciepła,,najtańsze,Negative Phrase,"praca, kursy, serwis, części"
DEWAX | Gruntowa pompa ciepła,,tania,Negative Phrase,"praca, kursy, serwis, części"
DEWAX | Gruntowa pompa ciepła,,tanie,Negative Phrase,"praca, kursy, serwis, części"
DEWAX | Gruntowa pompa ciepła,,chińska,Negative Phrase,"praca, kursy, serwis, części"
DEWAX | Gruntowa pompa ciepła,,przemysłowa,Negative Phrase,"praca, kursy, serwis, części"
DEWAX | Gruntowa pompa ciepła,,przemysłowe,Negative Phrase,"praca, kursy, serwis, części"
DEWAX | Gruntowa pompa ciepła,,hala,Negative Phrase,"praca, kursy, serwis, części"
DEWAX | Gruntowa pompa ciepła,,studnia,Negative Phrase,studnie i pompy do wody
DEWAX | Gruntowa pompa ciepła,,studnie,Negative Phrase,studnie i pompy do wody
DEWAX | Gruntowa pompa ciepła,,studniarz,Negative Phrase,studnie i pompy do wody
DEWAX | Gruntowa pompa ciepła,,do studni,Negative Phrase,studnie i pompy do wody
DEWAX | Gruntowa pompa ciepła,,hydrofor,Negative Phrase,studnie i pompy do wody
DEWAX | Gruntowa pompa ciepła,,pompa głębinowa do,Negative Phrase,studnie i pompy do wody
DEWAX | Gruntowa pompa ciepła,,pompy głębinowe do,Negative Phrase,studnie i pompy do wody
DEWAX | Gruntowa pompa ciepła,,1 cal,Negative Phrase,studnie i pompy do wody
DEWAX | Gruntowa pompa ciepła,,3 cale,Negative Phrase,studnie i pompy do wody
DEWAX | Gruntowa pompa ciepła,,4 cale,Negative Phrase,studnie i pompy do wody
DEWAX | Gruntowa pompa ciepła,,kraków,Negative Phrase,poza obszarem
DEWAX | Gruntowa pompa ciepła,,krakow,Negative Phrase,poza obszarem
DEWAX | Gruntowa pompa ciepła,,gdańsk,Negative Phrase,poza obszarem
DEWAX | Gruntowa pompa ciepła,,gdansk,Negative Phrase,poza obszarem
DEWAX | Gruntowa pompa ciepła,,gdynia,Negative Phrase,poza obszarem
DEWAX | Gruntowa pompa ciepła,,szczecin,Negative Phrase,poza obszarem
DEWAX | Gruntowa pompa ciepła,,lublin,Negative Phrase,poza obszarem
DEWAX | Gruntowa pompa ciepła,,rzeszów,Negative Phrase,poza obszarem
DEWAX | Gruntowa pompa ciepła,,rzeszow,Negative Phrase,poza obszarem
DEWAX | Gruntowa pompa ciepła,,białystok,Negative Phrase,poza obszarem
DEWAX | Gruntowa pompa ciepła,,bialystok,Negative Phrase,poza obszarem
DEWAX | Gruntowa pompa ciepła,,olsztyn,Negative Phrase,poza obszarem
DEWAX | Gruntowa pompa ciepła,,kielce,Negative Phrase,poza obszarem
DEWAX | Gruntowa pompa ciepła,,opole,Negative Phrase,poza obszarem
DEWAX | Gruntowa pompa ciepła,,zielona góra,Negative Phrase,poza obszarem
DEWAX | Gruntowa pompa ciepła,,gorzów,Negative Phrase,poza obszarem
DEWAX | Gruntowa pompa ciepła,,koszalin,Negative Phrase,poza obszarem
DEWAX | Gruntowa pompa ciepła,,słupsk,Negative Phrase,poza obszarem
DEWAX | Gruntowa pompa ciepła,,tarnów,Negative Phrase,poza obszarem
DEWAX | Gruntowa pompa ciepła,,nowy sącz,Negative Phrase,poza obszarem
DEWAX | Gruntowa pompa ciepła,,zakopane,Negative Phrase,poza obszarem
DEWAX | Gruntowa pompa ciepła,,niemcy,Negative Phrase,poza obszarem
DEWAX | Gruntowa pompa ciepła,,deutschland,Negative Phrase,poza obszarem
DEWAX | Gruntowa pompa ciepła,,nibe,Negative Phrase,producenci i konkurenci (DEWAX montuje Thermokrafft i Buderus)
DEWAX | Gruntowa pompa ciepła,,vaillant,Negative Phrase,producenci i konkurenci (DEWAX montuje Thermokrafft i Buderus)
DEWAX | Gruntowa pompa ciepła,,viessmann,Negative Phrase,producenci i konkurenci (DEWAX montuje Thermokrafft i Buderus)
DEWAX | Gruntowa pompa ciepła,,daikin,Negative Phrase,producenci i konkurenci (DEWAX montuje Thermokrafft i Buderus)
DEWAX | Gruntowa pompa ciepła,,stiebel,Negative Phrase,producenci i konkurenci (DEWAX montuje Thermokrafft i Buderus)
DEWAX | Gruntowa pompa ciepła,,stiebel eltron,Negative Phrase,producenci i konkurenci (DEWAX montuje Thermokrafft i Buderus)
DEWAX | Gruntowa pompa ciepła,,thermia,Negative Phrase,producenci i konkurenci (DEWAX montuje Thermokrafft i Buderus)
DEWAX | Gruntowa pompa ciepła,,galmet,Negative Phrase,producenci i konkurenci (DEWAX montuje Thermokrafft i Buderus)
DEWAX | Gruntowa pompa ciepła,,gejzer,Negative Phrase,producenci i konkurenci (DEWAX montuje Thermokrafft i Buderus)
DEWAX | Gruntowa pompa ciepła,,dimplex,Negative Phrase,producenci i konkurenci (DEWAX montuje Thermokrafft i Buderus)
DEWAX | Gruntowa pompa ciepła,,ctc,Negative Phrase,producenci i konkurenci (DEWAX montuje Thermokrafft i Buderus)
DEWAX | Gruntowa pompa ciepła,,mitsubishi,Negative Phrase,producenci i konkurenci (DEWAX montuje Thermokrafft i Buderus)
DEWAX | Gruntowa pompa ciepła,,panasonic,Negative Phrase,producenci i konkurenci (DEWAX montuje Thermokrafft i Buderus)
DEWAX | Gruntowa pompa ciepła,,bosch,Negative Phrase,producenci i konkurenci (DEWAX montuje Thermokrafft i Buderus)
DEWAX | Gruntowa pompa ciepła,,kaisai,Negative Phrase,producenci i konkurenci (DEWAX montuje Thermokrafft i Buderus)
DEWAX | Gruntowa pompa ciepła,,haier,Negative Phrase,producenci i konkurenci (DEWAX montuje Thermokrafft i Buderus)
DEWAX | Gruntowa pompa ciepła,,york,Negative Phrase,producenci i konkurenci (DEWAX montuje Thermokrafft i Buderus)
DEWAX | Gruntowa pompa ciepła,,qvantum,Negative Phrase,producenci i konkurenci (DEWAX montuje Thermokrafft i Buderus)
DEWAX | Gruntowa pompa ciepła,,apic,Negative Phrase,producenci i konkurenci (DEWAX montuje Thermokrafft i Buderus)
DEWAX | Gruntowa pompa ciepła,,a-pic,Negative Phrase,producenci i konkurenci (DEWAX montuje Thermokrafft i Buderus)
DEWAX | Gruntowa pompa ciepła,,konceptus,Negative Phrase,producenci i konkurenci (DEWAX montuje Thermokrafft i Buderus)
DEWAX | Gruntowa pompa ciepła,,vitocal,Negative Phrase,producenci i konkurenci (DEWAX montuje Thermokrafft i Buderus)
DEWAX | Gruntowa pompa ciepła,,altherma,Negative Phrase,producenci i konkurenci (DEWAX montuje Thermokrafft i Buderus)
DEWAX | Gruntowa pompa ciepła,,calibra,Negative Phrase,producenci i konkurenci (DEWAX montuje Thermokrafft i Buderus)
DEWAX | Gruntowa pompa ciepła,,geodan,Negative Phrase,producenci i konkurenci (DEWAX montuje Thermokrafft i Buderus)
DEWAX | Gruntowa pompa ciepła,,flexotherm,Negative Phrase,producenci i konkurenci (DEWAX montuje Thermokrafft i Buderus)
DEWAX | Gruntowa pompa ciepła,,flexocompact,Negative Phrase,producenci i konkurenci (DEWAX montuje Thermokrafft i Buderus)
DEWAX | Gruntowa pompa ciepła,,wolf,Negative Phrase,producenci i konkurenci (DEWAX montuje Thermokrafft i Buderus)
DEWAX | Gruntowa pompa ciepła,,samsung,Negative Phrase,producenci i konkurenci (DEWAX montuje Thermokrafft i Buderus)
DEWAX | Gruntowa pompa ciepła,,gree,Negative Phrase,producenci i konkurenci (DEWAX montuje Thermokrafft i Buderus)
DEWAX | Gruntowa pompa ciepła,,midea,Negative Phrase,producenci i konkurenci (DEWAX montuje Thermokrafft i Buderus)
DEWAX | Gruntowa pompa ciepła,,hewalex,Negative Phrase,producenci i konkurenci (DEWAX montuje Thermokrafft i Buderus)
DEWAX | Gruntowa pompa ciepła,,ciepłozziemi,Negative Phrase,producenci i konkurenci (DEWAX montuje Thermokrafft i Buderus)
DEWAX | Gruntowa pompa ciepła,,jurkowski,Negative Phrase,producenci i konkurenci (DEWAX montuje Thermokrafft i Buderus)
DEWAX | Gruntowa pompa ciepła,,sevro,Negative Phrase,producenci i konkurenci (DEWAX montuje Thermokrafft i Buderus)
DEWAX | Gruntowa pompa ciepła,,pan studniarz,Negative Phrase,producenci i konkurenci (DEWAX montuje Thermokrafft i Buderus)
DEWAX | Gruntowa pompa ciepła,Gruntowa ogólnie,powietrzna,Negative Phrase,poziom grupy
DEWAX | Gruntowa pompa ciepła,Gruntowa ogólnie,powietrznej,Negative Phrase,poziom grupy
DEWAX | Gruntowa pompa ciepła,Gruntowa ogólnie,powietrzne,Negative Phrase,poziom grupy
DEWAX | Gruntowa pompa ciepła,Gruntowa ogólnie,powietrznych,Negative Phrase,poziom grupy
DEWAX | Gruntowa pompa ciepła,Cena i koszt,powietrzna,Negative Phrase,poziom grupy
DEWAX | Gruntowa pompa ciepła,Cena i koszt,powietrznej,Negative Phrase,poziom grupy
DEWAX | Gruntowa pompa ciepła,Cena i koszt,powietrzne,Negative Phrase,poziom grupy
DEWAX | Gruntowa pompa ciepła,Cena i koszt,powietrznych,Negative Phrase,poziom grupy
DEWAX | Gruntowa pompa ciepła,Montaż i wykonawca,powietrzna,Negative Phrase,poziom grupy
DEWAX | Gruntowa pompa ciepła,Montaż i wykonawca,powietrznej,Negative Phrase,poziom grupy
DEWAX | Gruntowa pompa ciepła,Montaż i wykonawca,powietrzne,Negative Phrase,poziom grupy
DEWAX | Gruntowa pompa ciepła,Montaż i wykonawca,powietrznych,Negative Phrase,poziom grupy
DEWAX | Gruntowa pompa ciepła,Pompy Thermokrafft R290,powietrzna,Negative Phrase,poziom grupy
DEWAX | Gruntowa pompa ciepła,Pompy Thermokrafft R290,powietrznej,Negative Phrase,poziom grupy
DEWAX | Gruntowa pompa ciepła,Pompy Thermokrafft R290,powietrzne,Negative Phrase,poziom grupy
DEWAX | Gruntowa pompa ciepła,Pompy Thermokrafft R290,powietrznych,Negative Phrase,poziom grupy
DEWAX | Odwierty i dolne źródło,,powietrze woda,Negative Phrase,inne typy pomp i urządzeń
DEWAX | Odwierty i dolne źródło,,powietrze powietrze,Negative Phrase,inne typy pomp i urządzeń
DEWAX | Odwierty i dolne źródło,,monoblok,Negative Phrase,inne typy pomp i urządzeń
DEWAX | Odwierty i dolne źródło,,split,Negative Phrase,inne typy pomp i urządzeń
DEWAX | Odwierty i dolne źródło,,klimatyzacja,Negative Phrase,inne typy pomp i urządzeń
DEWAX | Odwierty i dolne źródło,,klimatyzator,Negative Phrase,inne typy pomp i urządzeń
DEWAX | Odwierty i dolne źródło,,klimatyzatory,Negative Phrase,inne typy pomp i urządzeń
DEWAX | Odwierty i dolne źródło,,basen,Negative Phrase,inne typy pomp i urządzeń
DEWAX | Odwierty i dolne źródło,,basenowa,Negative Phrase,inne typy pomp i urządzeń
DEWAX | Odwierty i dolne źródło,,basenowe,Negative Phrase,inne typy pomp i urządzeń
DEWAX | Odwierty i dolne źródło,,do cwu,Negative Phrase,inne typy pomp i urządzeń
DEWAX | Odwierty i dolne źródło,,cwu,Negative Phrase,inne typy pomp i urządzeń
DEWAX | Odwierty i dolne źródło,,bojler,Negative Phrase,inne typy pomp i urządzeń
DEWAX | Odwierty i dolne źródło,,podgrzewacz,Negative Phrase,inne typy pomp i urządzeń
DEWAX | Odwierty i dolne źródło,,grzałka,Negative Phrase,inne typy pomp i urządzeń
DEWAX | Odwierty i dolne źródło,,hybrydowa,Negative Phrase,inne typy pomp i urządzeń
DEWAX | Odwierty i dolne źródło,,kocioł gazowy cena,Negative Phrase,inne typy pomp i urządzeń
DEWAX | Odwierty i dolne źródło,,schemat,Negative Phrase,"informacje, DIY, schematy"
DEWAX | Odwierty i dolne źródło,,schematy,Negative Phrase,"informacje, DIY, schematy"
DEWAX | Odwierty i dolne źródło,,instrukcja,Negative Phrase,"informacje, DIY, schematy"
DEWAX | Odwierty i dolne źródło,,jak podłączyć,Negative Phrase,"informacje, DIY, schematy"
DEWAX | Odwierty i dolne źródło,,podłączenie,Negative Phrase,"informacje, DIY, schematy"
DEWAX | Odwierty i dolne źródło,,sterownik,Negative Phrase,"informacje, DIY, schematy"
DEWAX | Odwierty i dolne źródło,,samodzielny montaż,Negative Phrase,"informacje, DIY, schematy"
DEWAX | Odwierty i dolne źródło,,zrób sam,Negative Phrase,"informacje, DIY, schematy"
DEWAX | Odwierty i dolne źródło,,jak działa,Negative Phrase,"informacje, DIY, schematy"
DEWAX | Odwierty i dolne źródło,,zasada działania,Negative Phrase,"informacje, DIY, schematy"
DEWAX | Odwierty i dolne źródło,,na czym polega,Negative Phrase,"informacje, DIY, schematy"
DEWAX | Odwierty i dolne źródło,,co to jest,Negative Phrase,"informacje, DIY, schematy"
DEWAX | Odwierty i dolne źródło,,definicja,Negative Phrase,"informacje, DIY, schematy"
DEWAX | Odwierty i dolne źródło,,wikipedia,Negative Phrase,"informacje, DIY, schematy"
DEWAX | Odwierty i dolne źródło,,forum,Negative Phrase,"informacje, DIY, schematy"
DEWAX | Odwierty i dolne źródło,,ranking,Negative Phrase,"informacje, DIY, schematy"
DEWAX | Odwierty i dolne źródło,,pdf,Negative Phrase,"informacje, DIY, schematy"
DEWAX | Odwierty i dolne źródło,,test,Negative Phrase,"informacje, DIY, schematy"
DEWAX | Odwierty i dolne źródło,,praca,Negative Phrase,"praca, kursy, serwis, części"
DEWAX | Odwierty i dolne źródło,,zatrudnię,Negative Phrase,"praca, kursy, serwis, części"
DEWAX | Odwierty i dolne źródło,,zatrudnimy,Negative Phrase,"praca, kursy, serwis, części"
DEWAX | Odwierty i dolne źródło,,kurs,Negative Phrase,"praca, kursy, serwis, części"
DEWAX | Odwierty i dolne źródło,,szkolenie,Negative Phrase,"praca, kursy, serwis, części"
DEWAX | Odwierty i dolne źródło,,uprawnienia,Negative Phrase,"praca, kursy, serwis, części"
DEWAX | Odwierty i dolne źródło,,serwis,Negative Phrase,"praca, kursy, serwis, części"
DEWAX | Odwierty i dolne źródło,,naprawa,Negative Phrase,"praca, kursy, serwis, części"
DEWAX | Odwierty i dolne źródło,,awaria,Negative Phrase,"praca, kursy, serwis, części"
DEWAX | Odwierty i dolne źródło,,błąd,Negative Phrase,"praca, kursy, serwis, części"
DEWAX | Odwierty i dolne źródło,,kod błędu,Negative Phrase,"praca, kursy, serwis, części"
DEWAX | Odwierty i dolne źródło,,usterka,Negative Phrase,"praca, kursy, serwis, części"
DEWAX | Odwierty i dolne źródło,,części,Negative Phrase,"praca, kursy, serwis, części"
DEWAX | Odwierty i dolne źródło,,część,Negative Phrase,"praca, kursy, serwis, części"
DEWAX | Odwierty i dolne źródło,,sprężarka,Negative Phrase,"praca, kursy, serwis, części"
DEWAX | Odwierty i dolne źródło,,używana,Negative Phrase,"praca, kursy, serwis, części"
DEWAX | Odwierty i dolne źródło,,używane,Negative Phrase,"praca, kursy, serwis, części"
DEWAX | Odwierty i dolne źródło,,używany,Negative Phrase,"praca, kursy, serwis, części"
DEWAX | Odwierty i dolne źródło,,olx,Negative Phrase,"praca, kursy, serwis, części"
DEWAX | Odwierty i dolne źródło,,allegro,Negative Phrase,"praca, kursy, serwis, części"
DEWAX | Odwierty i dolne źródło,,sprzedam,Negative Phrase,"praca, kursy, serwis, części"
DEWAX | Odwierty i dolne źródło,,najtańsza,Negative Phrase,"praca, kursy, serwis, części"
DEWAX | Odwierty i dolne źródło,,najtańsze,Negative Phrase,"praca, kursy, serwis, części"
DEWAX | Odwierty i dolne źródło,,tania,Negative Phrase,"praca, kursy, serwis, części"
DEWAX | Odwierty i dolne źródło,,tanie,Negative Phrase,"praca, kursy, serwis, części"
DEWAX | Odwierty i dolne źródło,,chińska,Negative Phrase,"praca, kursy, serwis, części"
DEWAX | Odwierty i dolne źródło,,przemysłowa,Negative Phrase,"praca, kursy, serwis, części"
DEWAX | Odwierty i dolne źródło,,przemysłowe,Negative Phrase,"praca, kursy, serwis, części"
DEWAX | Odwierty i dolne źródło,,hala,Negative Phrase,"praca, kursy, serwis, części"
DEWAX | Odwierty i dolne źródło,,studnia,Negative Phrase,studnie i pompy do wody
DEWAX | Odwierty i dolne źródło,,studnie,Negative Phrase,studnie i pompy do wody
DEWAX | Odwierty i dolne źródło,,studniarz,Negative Phrase,studnie i pompy do wody
DEWAX | Odwierty i dolne źródło,,do studni,Negative Phrase,studnie i pompy do wody
DEWAX | Odwierty i dolne źródło,,hydrofor,Negative Phrase,studnie i pompy do wody
DEWAX | Odwierty i dolne źródło,,pompa głębinowa do,Negative Phrase,studnie i pompy do wody
DEWAX | Odwierty i dolne źródło,,pompy głębinowe do,Negative Phrase,studnie i pompy do wody
DEWAX | Odwierty i dolne źródło,,1 cal,Negative Phrase,studnie i pompy do wody
DEWAX | Odwierty i dolne źródło,,3 cale,Negative Phrase,studnie i pompy do wody
DEWAX | Odwierty i dolne źródło,,4 cale,Negative Phrase,studnie i pompy do wody
DEWAX | Odwierty i dolne źródło,,kraków,Negative Phrase,poza obszarem
DEWAX | Odwierty i dolne źródło,,krakow,Negative Phrase,poza obszarem
DEWAX | Odwierty i dolne źródło,,gdańsk,Negative Phrase,poza obszarem
DEWAX | Odwierty i dolne źródło,,gdansk,Negative Phrase,poza obszarem
DEWAX | Odwierty i dolne źródło,,gdynia,Negative Phrase,poza obszarem
DEWAX | Odwierty i dolne źródło,,szczecin,Negative Phrase,poza obszarem
DEWAX | Odwierty i dolne źródło,,lublin,Negative Phrase,poza obszarem
DEWAX | Odwierty i dolne źródło,,rzeszów,Negative Phrase,poza obszarem
DEWAX | Odwierty i dolne źródło,,rzeszow,Negative Phrase,poza obszarem
DEWAX | Odwierty i dolne źródło,,białystok,Negative Phrase,poza obszarem
DEWAX | Odwierty i dolne źródło,,bialystok,Negative Phrase,poza obszarem
DEWAX | Odwierty i dolne źródło,,olsztyn,Negative Phrase,poza obszarem
DEWAX | Odwierty i dolne źródło,,kielce,Negative Phrase,poza obszarem
DEWAX | Odwierty i dolne źródło,,opole,Negative Phrase,poza obszarem
DEWAX | Odwierty i dolne źródło,,zielona góra,Negative Phrase,poza obszarem
DEWAX | Odwierty i dolne źródło,,gorzów,Negative Phrase,poza obszarem
DEWAX | Odwierty i dolne źródło,,koszalin,Negative Phrase,poza obszarem
DEWAX | Odwierty i dolne źródło,,słupsk,Negative Phrase,poza obszarem
DEWAX | Odwierty i dolne źródło,,tarnów,Negative Phrase,poza obszarem
DEWAX | Odwierty i dolne źródło,,nowy sącz,Negative Phrase,poza obszarem
DEWAX | Odwierty i dolne źródło,,zakopane,Negative Phrase,poza obszarem
DEWAX | Odwierty i dolne źródło,,niemcy,Negative Phrase,poza obszarem
DEWAX | Odwierty i dolne źródło,,deutschland,Negative Phrase,poza obszarem
DEWAX | Odwierty i dolne źródło,,nibe,Negative Phrase,producenci i konkurenci (DEWAX montuje Thermokrafft i Buderus)
DEWAX | Odwierty i dolne źródło,,vaillant,Negative Phrase,producenci i konkurenci (DEWAX montuje Thermokrafft i Buderus)
DEWAX | Odwierty i dolne źródło,,viessmann,Negative Phrase,producenci i konkurenci (DEWAX montuje Thermokrafft i Buderus)
DEWAX | Odwierty i dolne źródło,,daikin,Negative Phrase,producenci i konkurenci (DEWAX montuje Thermokrafft i Buderus)
DEWAX | Odwierty i dolne źródło,,stiebel,Negative Phrase,producenci i konkurenci (DEWAX montuje Thermokrafft i Buderus)
DEWAX | Odwierty i dolne źródło,,stiebel eltron,Negative Phrase,producenci i konkurenci (DEWAX montuje Thermokrafft i Buderus)
DEWAX | Odwierty i dolne źródło,,thermia,Negative Phrase,producenci i konkurenci (DEWAX montuje Thermokrafft i Buderus)
DEWAX | Odwierty i dolne źródło,,galmet,Negative Phrase,producenci i konkurenci (DEWAX montuje Thermokrafft i Buderus)
DEWAX | Odwierty i dolne źródło,,gejzer,Negative Phrase,producenci i konkurenci (DEWAX montuje Thermokrafft i Buderus)
DEWAX | Odwierty i dolne źródło,,dimplex,Negative Phrase,producenci i konkurenci (DEWAX montuje Thermokrafft i Buderus)
DEWAX | Odwierty i dolne źródło,,ctc,Negative Phrase,producenci i konkurenci (DEWAX montuje Thermokrafft i Buderus)
DEWAX | Odwierty i dolne źródło,,mitsubishi,Negative Phrase,producenci i konkurenci (DEWAX montuje Thermokrafft i Buderus)
DEWAX | Odwierty i dolne źródło,,panasonic,Negative Phrase,producenci i konkurenci (DEWAX montuje Thermokrafft i Buderus)
DEWAX | Odwierty i dolne źródło,,bosch,Negative Phrase,producenci i konkurenci (DEWAX montuje Thermokrafft i Buderus)
DEWAX | Odwierty i dolne źródło,,kaisai,Negative Phrase,producenci i konkurenci (DEWAX montuje Thermokrafft i Buderus)
DEWAX | Odwierty i dolne źródło,,haier,Negative Phrase,producenci i konkurenci (DEWAX montuje Thermokrafft i Buderus)
DEWAX | Odwierty i dolne źródło,,york,Negative Phrase,producenci i konkurenci (DEWAX montuje Thermokrafft i Buderus)
DEWAX | Odwierty i dolne źródło,,qvantum,Negative Phrase,producenci i konkurenci (DEWAX montuje Thermokrafft i Buderus)
DEWAX | Odwierty i dolne źródło,,apic,Negative Phrase,producenci i konkurenci (DEWAX montuje Thermokrafft i Buderus)
DEWAX | Odwierty i dolne źródło,,a-pic,Negative Phrase,producenci i konkurenci (DEWAX montuje Thermokrafft i Buderus)
DEWAX | Odwierty i dolne źródło,,konceptus,Negative Phrase,producenci i konkurenci (DEWAX montuje Thermokrafft i Buderus)
DEWAX | Odwierty i dolne źródło,,vitocal,Negative Phrase,producenci i konkurenci (DEWAX montuje Thermokrafft i Buderus)
DEWAX | Odwierty i dolne źródło,,altherma,Negative Phrase,producenci i konkurenci (DEWAX montuje Thermokrafft i Buderus)
DEWAX | Odwierty i dolne źródło,,calibra,Negative Phrase,producenci i konkurenci (DEWAX montuje Thermokrafft i Buderus)
DEWAX | Odwierty i dolne źródło,,geodan,Negative Phrase,producenci i konkurenci (DEWAX montuje Thermokrafft i Buderus)
DEWAX | Odwierty i dolne źródło,,flexotherm,Negative Phrase,producenci i konkurenci (DEWAX montuje Thermokrafft i Buderus)
DEWAX | Odwierty i dolne źródło,,flexocompact,Negative Phrase,producenci i konkurenci (DEWAX montuje Thermokrafft i Buderus)
DEWAX | Odwierty i dolne źródło,,wolf,Negative Phrase,producenci i konkurenci (DEWAX montuje Thermokrafft i Buderus)
DEWAX | Odwierty i dolne źródło,,samsung,Negative Phrase,producenci i konkurenci (DEWAX montuje Thermokrafft i Buderus)
DEWAX | Odwierty i dolne źródło,,gree,Negative Phrase,producenci i konkurenci (DEWAX montuje Thermokrafft i Buderus)
DEWAX | Odwierty i dolne źródło,,midea,Negative Phrase,producenci i konkurenci (DEWAX montuje Thermokrafft i Buderus)
DEWAX | Odwierty i dolne źródło,,hewalex,Negative Phrase,producenci i konkurenci (DEWAX montuje Thermokrafft i Buderus)
DEWAX | Odwierty i dolne źródło,,ciepłozziemi,Negative Phrase,producenci i konkurenci (DEWAX montuje Thermokrafft i Buderus)
DEWAX | Odwierty i dolne źródło,,jurkowski,Negative Phrase,producenci i konkurenci (DEWAX montuje Thermokrafft i Buderus)
DEWAX | Odwierty i dolne źródło,,sevro,Negative Phrase,producenci i konkurenci (DEWAX montuje Thermokrafft i Buderus)
DEWAX | Odwierty i dolne źródło,,pan studniarz,Negative Phrase,producenci i konkurenci (DEWAX montuje Thermokrafft i Buderus)
DEWAX | Odwierty i dolne źródło,,powietrzna,Negative Phrase,tylko gruntowe
DEWAX | Odwierty i dolne źródło,,powietrznej,Negative Phrase,tylko gruntowe
DEWAX | Odwierty i dolne źródło,,powietrzne,Negative Phrase,tylko gruntowe
DEWAX | Odwierty i dolne źródło,,powietrznych,Negative Phrase,tylko gruntowe
DEWAX | Dotacje,,powietrze woda,Negative Phrase,inne typy pomp i urządzeń
DEWAX | Dotacje,,powietrze powietrze,Negative Phrase,inne typy pomp i urządzeń
DEWAX | Dotacje,,monoblok,Negative Phrase,inne typy pomp i urządzeń
DEWAX | Dotacje,,split,Negative Phrase,inne typy pomp i urządzeń
DEWAX | Dotacje,,klimatyzacja,Negative Phrase,inne typy pomp i urządzeń
DEWAX | Dotacje,,klimatyzator,Negative Phrase,inne typy pomp i urządzeń
DEWAX | Dotacje,,klimatyzatory,Negative Phrase,inne typy pomp i urządzeń
DEWAX | Dotacje,,basen,Negative Phrase,inne typy pomp i urządzeń
DEWAX | Dotacje,,basenowa,Negative Phrase,inne typy pomp i urządzeń
DEWAX | Dotacje,,basenowe,Negative Phrase,inne typy pomp i urządzeń
DEWAX | Dotacje,,do cwu,Negative Phrase,inne typy pomp i urządzeń
DEWAX | Dotacje,,cwu,Negative Phrase,inne typy pomp i urządzeń
DEWAX | Dotacje,,bojler,Negative Phrase,inne typy pomp i urządzeń
DEWAX | Dotacje,,podgrzewacz,Negative Phrase,inne typy pomp i urządzeń
DEWAX | Dotacje,,grzałka,Negative Phrase,inne typy pomp i urządzeń
DEWAX | Dotacje,,hybrydowa,Negative Phrase,inne typy pomp i urządzeń
DEWAX | Dotacje,,kocioł gazowy cena,Negative Phrase,inne typy pomp i urządzeń
DEWAX | Dotacje,,schemat,Negative Phrase,"informacje, DIY, schematy"
DEWAX | Dotacje,,schematy,Negative Phrase,"informacje, DIY, schematy"
DEWAX | Dotacje,,instrukcja,Negative Phrase,"informacje, DIY, schematy"
DEWAX | Dotacje,,jak podłączyć,Negative Phrase,"informacje, DIY, schematy"
DEWAX | Dotacje,,podłączenie,Negative Phrase,"informacje, DIY, schematy"
DEWAX | Dotacje,,sterownik,Negative Phrase,"informacje, DIY, schematy"
DEWAX | Dotacje,,samodzielny montaż,Negative Phrase,"informacje, DIY, schematy"
DEWAX | Dotacje,,zrób sam,Negative Phrase,"informacje, DIY, schematy"
DEWAX | Dotacje,,jak działa,Negative Phrase,"informacje, DIY, schematy"
DEWAX | Dotacje,,zasada działania,Negative Phrase,"informacje, DIY, schematy"
DEWAX | Dotacje,,na czym polega,Negative Phrase,"informacje, DIY, schematy"
DEWAX | Dotacje,,co to jest,Negative Phrase,"informacje, DIY, schematy"
DEWAX | Dotacje,,definicja,Negative Phrase,"informacje, DIY, schematy"
DEWAX | Dotacje,,wikipedia,Negative Phrase,"informacje, DIY, schematy"
DEWAX | Dotacje,,forum,Negative Phrase,"informacje, DIY, schematy"
DEWAX | Dotacje,,ranking,Negative Phrase,"informacje, DIY, schematy"
DEWAX | Dotacje,,pdf,Negative Phrase,"informacje, DIY, schematy"
DEWAX | Dotacje,,test,Negative Phrase,"informacje, DIY, schematy"
DEWAX | Dotacje,,praca,Negative Phrase,"praca, kursy, serwis, części"
DEWAX | Dotacje,,zatrudnię,Negative Phrase,"praca, kursy, serwis, części"
DEWAX | Dotacje,,zatrudnimy,Negative Phrase,"praca, kursy, serwis, części"
DEWAX | Dotacje,,kurs,Negative Phrase,"praca, kursy, serwis, części"
DEWAX | Dotacje,,szkolenie,Negative Phrase,"praca, kursy, serwis, części"
DEWAX | Dotacje,,uprawnienia,Negative Phrase,"praca, kursy, serwis, części"
DEWAX | Dotacje,,serwis,Negative Phrase,"praca, kursy, serwis, części"
DEWAX | Dotacje,,naprawa,Negative Phrase,"praca, kursy, serwis, części"
DEWAX | Dotacje,,awaria,Negative Phrase,"praca, kursy, serwis, części"
DEWAX | Dotacje,,błąd,Negative Phrase,"praca, kursy, serwis, części"
DEWAX | Dotacje,,kod błędu,Negative Phrase,"praca, kursy, serwis, części"
DEWAX | Dotacje,,usterka,Negative Phrase,"praca, kursy, serwis, części"
DEWAX | Dotacje,,części,Negative Phrase,"praca, kursy, serwis, części"
DEWAX | Dotacje,,część,Negative Phrase,"praca, kursy, serwis, części"
DEWAX | Dotacje,,sprężarka,Negative Phrase,"praca, kursy, serwis, części"
DEWAX | Dotacje,,używana,Negative Phrase,"praca, kursy, serwis, części"
DEWAX | Dotacje,,używane,Negative Phrase,"praca, kursy, serwis, części"
DEWAX | Dotacje,,używany,Negative Phrase,"praca, kursy, serwis, części"
DEWAX | Dotacje,,olx,Negative Phrase,"praca, kursy, serwis, części"
DEWAX | Dotacje,,allegro,Negative Phrase,"praca, kursy, serwis, części"
DEWAX | Dotacje,,sprzedam,Negative Phrase,"praca, kursy, serwis, części"
DEWAX | Dotacje,,najtańsza,Negative Phrase,"praca, kursy, serwis, części"
DEWAX | Dotacje,,najtańsze,Negative Phrase,"praca, kursy, serwis, części"
DEWAX | Dotacje,,tania,Negative Phrase,"praca, kursy, serwis, części"
DEWAX | Dotacje,,tanie,Negative Phrase,"praca, kursy, serwis, części"
DEWAX | Dotacje,,chińska,Negative Phrase,"praca, kursy, serwis, części"
DEWAX | Dotacje,,przemysłowa,Negative Phrase,"praca, kursy, serwis, części"
DEWAX | Dotacje,,przemysłowe,Negative Phrase,"praca, kursy, serwis, części"
DEWAX | Dotacje,,hala,Negative Phrase,"praca, kursy, serwis, części"
DEWAX | Dotacje,,studnia,Negative Phrase,studnie i pompy do wody
DEWAX | Dotacje,,studnie,Negative Phrase,studnie i pompy do wody
DEWAX | Dotacje,,studniarz,Negative Phrase,studnie i pompy do wody
DEWAX | Dotacje,,do studni,Negative Phrase,studnie i pompy do wody
DEWAX | Dotacje,,hydrofor,Negative Phrase,studnie i pompy do wody
DEWAX | Dotacje,,pompa głębinowa do,Negative Phrase,studnie i pompy do wody
DEWAX | Dotacje,,pompy głębinowe do,Negative Phrase,studnie i pompy do wody
DEWAX | Dotacje,,1 cal,Negative Phrase,studnie i pompy do wody
DEWAX | Dotacje,,3 cale,Negative Phrase,studnie i pompy do wody
DEWAX | Dotacje,,4 cale,Negative Phrase,studnie i pompy do wody
DEWAX | Dotacje,,kraków,Negative Phrase,poza obszarem
DEWAX | Dotacje,,krakow,Negative Phrase,poza obszarem
DEWAX | Dotacje,,gdańsk,Negative Phrase,poza obszarem
DEWAX | Dotacje,,gdansk,Negative Phrase,poza obszarem
DEWAX | Dotacje,,gdynia,Negative Phrase,poza obszarem
DEWAX | Dotacje,,szczecin,Negative Phrase,poza obszarem
DEWAX | Dotacje,,lublin,Negative Phrase,poza obszarem
DEWAX | Dotacje,,rzeszów,Negative Phrase,poza obszarem
DEWAX | Dotacje,,rzeszow,Negative Phrase,poza obszarem
DEWAX | Dotacje,,białystok,Negative Phrase,poza obszarem
DEWAX | Dotacje,,bialystok,Negative Phrase,poza obszarem
DEWAX | Dotacje,,olsztyn,Negative Phrase,poza obszarem
DEWAX | Dotacje,,kielce,Negative Phrase,poza obszarem
DEWAX | Dotacje,,opole,Negative Phrase,poza obszarem
DEWAX | Dotacje,,zielona góra,Negative Phrase,poza obszarem
DEWAX | Dotacje,,gorzów,Negative Phrase,poza obszarem
DEWAX | Dotacje,,koszalin,Negative Phrase,poza obszarem
DEWAX | Dotacje,,słupsk,Negative Phrase,poza obszarem
DEWAX | Dotacje,,tarnów,Negative Phrase,poza obszarem
DEWAX | Dotacje,,nowy sącz,Negative Phrase,poza obszarem
DEWAX | Dotacje,,zakopane,Negative Phrase,poza obszarem
DEWAX | Dotacje,,niemcy,Negative Phrase,poza obszarem
DEWAX | Dotacje,,deutschland,Negative Phrase,poza obszarem
DEWAX | Dotacje,,nibe,Negative Phrase,producenci i konkurenci (DEWAX montuje Thermokrafft i Buderus)
DEWAX | Dotacje,,vaillant,Negative Phrase,producenci i konkurenci (DEWAX montuje Thermokrafft i Buderus)
DEWAX | Dotacje,,viessmann,Negative Phrase,producenci i konkurenci (DEWAX montuje Thermokrafft i Buderus)
DEWAX | Dotacje,,daikin,Negative Phrase,producenci i konkurenci (DEWAX montuje Thermokrafft i Buderus)
DEWAX | Dotacje,,stiebel,Negative Phrase,producenci i konkurenci (DEWAX montuje Thermokrafft i Buderus)
DEWAX | Dotacje,,stiebel eltron,Negative Phrase,producenci i konkurenci (DEWAX montuje Thermokrafft i Buderus)
DEWAX | Dotacje,,thermia,Negative Phrase,producenci i konkurenci (DEWAX montuje Thermokrafft i Buderus)
DEWAX | Dotacje,,galmet,Negative Phrase,producenci i konkurenci (DEWAX montuje Thermokrafft i Buderus)
DEWAX | Dotacje,,gejzer,Negative Phrase,producenci i konkurenci (DEWAX montuje Thermokrafft i Buderus)
DEWAX | Dotacje,,dimplex,Negative Phrase,producenci i konkurenci (DEWAX montuje Thermokrafft i Buderus)
DEWAX | Dotacje,,ctc,Negative Phrase,producenci i konkurenci (DEWAX montuje Thermokrafft i Buderus)
DEWAX | Dotacje,,mitsubishi,Negative Phrase,producenci i konkurenci (DEWAX montuje Thermokrafft i Buderus)
DEWAX | Dotacje,,panasonic,Negative Phrase,producenci i konkurenci (DEWAX montuje Thermokrafft i Buderus)
DEWAX | Dotacje,,bosch,Negative Phrase,producenci i konkurenci (DEWAX montuje Thermokrafft i Buderus)
DEWAX | Dotacje,,kaisai,Negative Phrase,producenci i konkurenci (DEWAX montuje Thermokrafft i Buderus)
DEWAX | Dotacje,,haier,Negative Phrase,producenci i konkurenci (DEWAX montuje Thermokrafft i Buderus)
DEWAX | Dotacje,,york,Negative Phrase,producenci i konkurenci (DEWAX montuje Thermokrafft i Buderus)
DEWAX | Dotacje,,qvantum,Negative Phrase,producenci i konkurenci (DEWAX montuje Thermokrafft i Buderus)
DEWAX | Dotacje,,apic,Negative Phrase,producenci i konkurenci (DEWAX montuje Thermokrafft i Buderus)
DEWAX | Dotacje,,a-pic,Negative Phrase,producenci i konkurenci (DEWAX montuje Thermokrafft i Buderus)
DEWAX | Dotacje,,konceptus,Negative Phrase,producenci i konkurenci (DEWAX montuje Thermokrafft i Buderus)
DEWAX | Dotacje,,vitocal,Negative Phrase,producenci i konkurenci (DEWAX montuje Thermokrafft i Buderus)
DEWAX | Dotacje,,altherma,Negative Phrase,producenci i konkurenci (DEWAX montuje Thermokrafft i Buderus)
DEWAX | Dotacje,,calibra,Negative Phrase,producenci i konkurenci (DEWAX montuje Thermokrafft i Buderus)
DEWAX | Dotacje,,geodan,Negative Phrase,producenci i konkurenci (DEWAX montuje Thermokrafft i Buderus)
DEWAX | Dotacje,,flexotherm,Negative Phrase,producenci i konkurenci (DEWAX montuje Thermokrafft i Buderus)
DEWAX | Dotacje,,flexocompact,Negative Phrase,producenci i konkurenci (DEWAX montuje Thermokrafft i Buderus)
DEWAX | Dotacje,,wolf,Negative Phrase,producenci i konkurenci (DEWAX montuje Thermokrafft i Buderus)
DEWAX | Dotacje,,samsung,Negative Phrase,producenci i konkurenci (DEWAX montuje Thermokrafft i Buderus)
DEWAX | Dotacje,,gree,Negative Phrase,producenci i konkurenci (DEWAX montuje Thermokrafft i Buderus)
DEWAX | Dotacje,,midea,Negative Phrase,producenci i konkurenci (DEWAX montuje Thermokrafft i Buderus)
DEWAX | Dotacje,,hewalex,Negative Phrase,producenci i konkurenci (DEWAX montuje Thermokrafft i Buderus)
DEWAX | Dotacje,,ciepłozziemi,Negative Phrase,producenci i konkurenci (DEWAX montuje Thermokrafft i Buderus)
DEWAX | Dotacje,,jurkowski,Negative Phrase,producenci i konkurenci (DEWAX montuje Thermokrafft i Buderus)
DEWAX | Dotacje,,sevro,Negative Phrase,producenci i konkurenci (DEWAX montuje Thermokrafft i Buderus)
DEWAX | Dotacje,,pan studniarz,Negative Phrase,producenci i konkurenci (DEWAX montuje Thermokrafft i Buderus)
DEWAX | Dotacje,,powietrzna,Negative Phrase,tylko gruntowe
DEWAX | Dotacje,,powietrznej,Negative Phrase,tylko gruntowe
DEWAX | Dotacje,,powietrzne,Negative Phrase,tylko gruntowe
DEWAX | Dotacje,,powietrznych,Negative Phrase,tylko gruntowe
DEWAX | Marka,,powietrze woda,Negative Phrase,inne typy pomp i urządzeń
DEWAX | Marka,,powietrze powietrze,Negative Phrase,inne typy pomp i urządzeń
DEWAX | Marka,,monoblok,Negative Phrase,inne typy pomp i urządzeń
DEWAX | Marka,,split,Negative Phrase,inne typy pomp i urządzeń
DEWAX | Marka,,klimatyzacja,Negative Phrase,inne typy pomp i urządzeń
DEWAX | Marka,,klimatyzator,Negative Phrase,inne typy pomp i urządzeń
DEWAX | Marka,,klimatyzatory,Negative Phrase,inne typy pomp i urządzeń
DEWAX | Marka,,basen,Negative Phrase,inne typy pomp i urządzeń
DEWAX | Marka,,basenowa,Negative Phrase,inne typy pomp i urządzeń
DEWAX | Marka,,basenowe,Negative Phrase,inne typy pomp i urządzeń
DEWAX | Marka,,do cwu,Negative Phrase,inne typy pomp i urządzeń
DEWAX | Marka,,cwu,Negative Phrase,inne typy pomp i urządzeń
DEWAX | Marka,,bojler,Negative Phrase,inne typy pomp i urządzeń
DEWAX | Marka,,podgrzewacz,Negative Phrase,inne typy pomp i urządzeń
DEWAX | Marka,,grzałka,Negative Phrase,inne typy pomp i urządzeń
DEWAX | Marka,,hybrydowa,Negative Phrase,inne typy pomp i urządzeń
DEWAX | Marka,,kocioł gazowy cena,Negative Phrase,inne typy pomp i urządzeń
DEWAX | Marka,,schemat,Negative Phrase,"informacje, DIY, schematy"
DEWAX | Marka,,schematy,Negative Phrase,"informacje, DIY, schematy"
DEWAX | Marka,,instrukcja,Negative Phrase,"informacje, DIY, schematy"
DEWAX | Marka,,jak podłączyć,Negative Phrase,"informacje, DIY, schematy"
DEWAX | Marka,,podłączenie,Negative Phrase,"informacje, DIY, schematy"
DEWAX | Marka,,sterownik,Negative Phrase,"informacje, DIY, schematy"
DEWAX | Marka,,samodzielny montaż,Negative Phrase,"informacje, DIY, schematy"
DEWAX | Marka,,zrób sam,Negative Phrase,"informacje, DIY, schematy"
DEWAX | Marka,,jak działa,Negative Phrase,"informacje, DIY, schematy"
DEWAX | Marka,,zasada działania,Negative Phrase,"informacje, DIY, schematy"
DEWAX | Marka,,na czym polega,Negative Phrase,"informacje, DIY, schematy"
DEWAX | Marka,,co to jest,Negative Phrase,"informacje, DIY, schematy"
DEWAX | Marka,,definicja,Negative Phrase,"informacje, DIY, schematy"
DEWAX | Marka,,wikipedia,Negative Phrase,"informacje, DIY, schematy"
DEWAX | Marka,,forum,Negative Phrase,"informacje, DIY, schematy"
DEWAX | Marka,,ranking,Negative Phrase,"informacje, DIY, schematy"
DEWAX | Marka,,pdf,Negative Phrase,"informacje, DIY, schematy"
DEWAX | Marka,,test,Negative Phrase,"informacje, DIY, schematy"
DEWAX | Marka,,praca,Negative Phrase,"praca, kursy, serwis, części"
DEWAX | Marka,,zatrudnię,Negative Phrase,"praca, kursy, serwis, części"
DEWAX | Marka,,zatrudnimy,Negative Phrase,"praca, kursy, serwis, części"
DEWAX | Marka,,kurs,Negative Phrase,"praca, kursy, serwis, części"
DEWAX | Marka,,szkolenie,Negative Phrase,"praca, kursy, serwis, części"
DEWAX | Marka,,uprawnienia,Negative Phrase,"praca, kursy, serwis, części"
DEWAX | Marka,,serwis,Negative Phrase,"praca, kursy, serwis, części"
DEWAX | Marka,,naprawa,Negative Phrase,"praca, kursy, serwis, części"
DEWAX | Marka,,awaria,Negative Phrase,"praca, kursy, serwis, części"
DEWAX | Marka,,błąd,Negative Phrase,"praca, kursy, serwis, części"
DEWAX | Marka,,kod błędu,Negative Phrase,"praca, kursy, serwis, części"
DEWAX | Marka,,usterka,Negative Phrase,"praca, kursy, serwis, części"
DEWAX | Marka,,części,Negative Phrase,"praca, kursy, serwis, części"
DEWAX | Marka,,część,Negative Phrase,"praca, kursy, serwis, części"
DEWAX | Marka,,sprężarka,Negative Phrase,"praca, kursy, serwis, części"
DEWAX | Marka,,używana,Negative Phrase,"praca, kursy, serwis, części"
DEWAX | Marka,,używane,Negative Phrase,"praca, kursy, serwis, części"
DEWAX | Marka,,używany,Negative Phrase,"praca, kursy, serwis, części"
DEWAX | Marka,,olx,Negative Phrase,"praca, kursy, serwis, części"
DEWAX | Marka,,allegro,Negative Phrase,"praca, kursy, serwis, części"
DEWAX | Marka,,sprzedam,Negative Phrase,"praca, kursy, serwis, części"
DEWAX | Marka,,najtańsza,Negative Phrase,"praca, kursy, serwis, części"
DEWAX | Marka,,najtańsze,Negative Phrase,"praca, kursy, serwis, części"
DEWAX | Marka,,tania,Negative Phrase,"praca, kursy, serwis, części"
DEWAX | Marka,,tanie,Negative Phrase,"praca, kursy, serwis, części"
DEWAX | Marka,,chińska,Negative Phrase,"praca, kursy, serwis, części"
DEWAX | Marka,,przemysłowa,Negative Phrase,"praca, kursy, serwis, części"
DEWAX | Marka,,przemysłowe,Negative Phrase,"praca, kursy, serwis, części"
DEWAX | Marka,,hala,Negative Phrase,"praca, kursy, serwis, części"
DEWAX | Marka,,studnia,Negative Phrase,studnie i pompy do wody
DEWAX | Marka,,studnie,Negative Phrase,studnie i pompy do wody
DEWAX | Marka,,studniarz,Negative Phrase,studnie i pompy do wody
DEWAX | Marka,,do studni,Negative Phrase,studnie i pompy do wody
DEWAX | Marka,,hydrofor,Negative Phrase,studnie i pompy do wody
DEWAX | Marka,,pompa głębinowa do,Negative Phrase,studnie i pompy do wody
DEWAX | Marka,,pompy głębinowe do,Negative Phrase,studnie i pompy do wody
DEWAX | Marka,,1 cal,Negative Phrase,studnie i pompy do wody
DEWAX | Marka,,3 cale,Negative Phrase,studnie i pompy do wody
DEWAX | Marka,,4 cale,Negative Phrase,studnie i pompy do wody
DEWAX | Marka,,kraków,Negative Phrase,poza obszarem
DEWAX | Marka,,krakow,Negative Phrase,poza obszarem
DEWAX | Marka,,gdańsk,Negative Phrase,poza obszarem
DEWAX | Marka,,gdansk,Negative Phrase,poza obszarem
DEWAX | Marka,,gdynia,Negative Phrase,poza obszarem
DEWAX | Marka,,szczecin,Negative Phrase,poza obszarem
DEWAX | Marka,,lublin,Negative Phrase,poza obszarem
DEWAX | Marka,,rzeszów,Negative Phrase,poza obszarem
DEWAX | Marka,,rzeszow,Negative Phrase,poza obszarem
DEWAX | Marka,,białystok,Negative Phrase,poza obszarem
DEWAX | Marka,,bialystok,Negative Phrase,poza obszarem
DEWAX | Marka,,olsztyn,Negative Phrase,poza obszarem
DEWAX | Marka,,kielce,Negative Phrase,poza obszarem
DEWAX | Marka,,opole,Negative Phrase,poza obszarem
DEWAX | Marka,,zielona góra,Negative Phrase,poza obszarem
DEWAX | Marka,,gorzów,Negative Phrase,poza obszarem
DEWAX | Marka,,koszalin,Negative Phrase,poza obszarem
DEWAX | Marka,,słupsk,Negative Phrase,poza obszarem
DEWAX | Marka,,tarnów,Negative Phrase,poza obszarem
DEWAX | Marka,,nowy sącz,Negative Phrase,poza obszarem
DEWAX | Marka,,zakopane,Negative Phrase,poza obszarem
DEWAX | Marka,,niemcy,Negative Phrase,poza obszarem
DEWAX | Marka,,deutschland,Negative Phrase,poza obszarem
DEWAX | Marka,,nibe,Negative Phrase,producenci i konkurenci (DEWAX montuje Thermokrafft i Buderus)
DEWAX | Marka,,vaillant,Negative Phrase,producenci i konkurenci (DEWAX montuje Thermokrafft i Buderus)
DEWAX | Marka,,viessmann,Negative Phrase,producenci i konkurenci (DEWAX montuje Thermokrafft i Buderus)
DEWAX | Marka,,daikin,Negative Phrase,producenci i konkurenci (DEWAX montuje Thermokrafft i Buderus)
DEWAX | Marka,,stiebel,Negative Phrase,producenci i konkurenci (DEWAX montuje Thermokrafft i Buderus)
DEWAX | Marka,,stiebel eltron,Negative Phrase,producenci i konkurenci (DEWAX montuje Thermokrafft i Buderus)
DEWAX | Marka,,thermia,Negative Phrase,producenci i konkurenci (DEWAX montuje Thermokrafft i Buderus)
DEWAX | Marka,,galmet,Negative Phrase,producenci i konkurenci (DEWAX montuje Thermokrafft i Buderus)
DEWAX | Marka,,gejzer,Negative Phrase,producenci i konkurenci (DEWAX montuje Thermokrafft i Buderus)
DEWAX | Marka,,dimplex,Negative Phrase,producenci i konkurenci (DEWAX montuje Thermokrafft i Buderus)
DEWAX | Marka,,ctc,Negative Phrase,producenci i konkurenci (DEWAX montuje Thermokrafft i Buderus)
DEWAX | Marka,,mitsubishi,Negative Phrase,producenci i konkurenci (DEWAX montuje Thermokrafft i Buderus)
DEWAX | Marka,,panasonic,Negative Phrase,producenci i konkurenci (DEWAX montuje Thermokrafft i Buderus)
DEWAX | Marka,,bosch,Negative Phrase,producenci i konkurenci (DEWAX montuje Thermokrafft i Buderus)
DEWAX | Marka,,kaisai,Negative Phrase,producenci i konkurenci (DEWAX montuje Thermokrafft i Buderus)
DEWAX | Marka,,haier,Negative Phrase,producenci i konkurenci (DEWAX montuje Thermokrafft i Buderus)
DEWAX | Marka,,york,Negative Phrase,producenci i konkurenci (DEWAX montuje Thermokrafft i Buderus)
DEWAX | Marka,,qvantum,Negative Phrase,producenci i konkurenci (DEWAX montuje Thermokrafft i Buderus)
DEWAX | Marka,,apic,Negative Phrase,producenci i konkurenci (DEWAX montuje Thermokrafft i Buderus)
DEWAX | Marka,,a-pic,Negative Phrase,producenci i konkurenci (DEWAX montuje Thermokrafft i Buderus)
DEWAX | Marka,,konceptus,Negative Phrase,producenci i konkurenci (DEWAX montuje Thermokrafft i Buderus)
DEWAX | Marka,,vitocal,Negative Phrase,producenci i konkurenci (DEWAX montuje Thermokrafft i Buderus)
DEWAX | Marka,,altherma,Negative Phrase,producenci i konkurenci (DEWAX montuje Thermokrafft i Buderus)
DEWAX | Marka,,calibra,Negative Phrase,producenci i konkurenci (DEWAX montuje Thermokrafft i Buderus)
DEWAX | Marka,,geodan,Negative Phrase,producenci i konkurenci (DEWAX montuje Thermokrafft i Buderus)
DEWAX | Marka,,flexotherm,Negative Phrase,producenci i konkurenci (DEWAX montuje Thermokrafft i Buderus)
DEWAX | Marka,,flexocompact,Negative Phrase,producenci i konkurenci (DEWAX montuje Thermokrafft i Buderus)
DEWAX | Marka,,wolf,Negative Phrase,producenci i konkurenci (DEWAX montuje Thermokrafft i Buderus)
DEWAX | Marka,,samsung,Negative Phrase,producenci i konkurenci (DEWAX montuje Thermokrafft i Buderus)
DEWAX | Marka,,gree,Negative Phrase,producenci i konkurenci (DEWAX montuje Thermokrafft i Buderus)
DEWAX | Marka,,midea,Negative Phrase,producenci i konkurenci (DEWAX montuje Thermokrafft i Buderus)
DEWAX | Marka,,hewalex,Negative Phrase,producenci i konkurenci (DEWAX montuje Thermokrafft i Buderus)
DEWAX | Marka,,ciepłozziemi,Negative Phrase,producenci i konkurenci (DEWAX montuje Thermokrafft i Buderus)
DEWAX | Marka,,jurkowski,Negative Phrase,producenci i konkurenci (DEWAX montuje Thermokrafft i Buderus)
DEWAX | Marka,,sevro,Negative Phrase,producenci i konkurenci (DEWAX montuje Thermokrafft i Buderus)
DEWAX | Marka,,pan studniarz,Negative Phrase,producenci i konkurenci (DEWAX montuje Thermokrafft i Buderus)
DEWAX | Regiony,,powietrze woda,Negative Phrase,inne typy pomp i urządzeń
DEWAX | Regiony,,powietrze powietrze,Negative Phrase,inne typy pomp i urządzeń
DEWAX | Regiony,,monoblok,Negative Phrase,inne typy pomp i urządzeń
DEWAX | Regiony,,split,Negative Phrase,inne typy pomp i urządzeń
DEWAX | Regiony,,klimatyzacja,Negative Phrase,inne typy pomp i urządzeń
DEWAX | Regiony,,klimatyzator,Negative Phrase,inne typy pomp i urządzeń
DEWAX | Regiony,,klimatyzatory,Negative Phrase,inne typy pomp i urządzeń
DEWAX | Regiony,,basen,Negative Phrase,inne typy pomp i urządzeń
DEWAX | Regiony,,basenowa,Negative Phrase,inne typy pomp i urządzeń
DEWAX | Regiony,,basenowe,Negative Phrase,inne typy pomp i urządzeń
DEWAX | Regiony,,do cwu,Negative Phrase,inne typy pomp i urządzeń
DEWAX | Regiony,,cwu,Negative Phrase,inne typy pomp i urządzeń
DEWAX | Regiony,,bojler,Negative Phrase,inne typy pomp i urządzeń
DEWAX | Regiony,,podgrzewacz,Negative Phrase,inne typy pomp i urządzeń
DEWAX | Regiony,,grzałka,Negative Phrase,inne typy pomp i urządzeń
DEWAX | Regiony,,hybrydowa,Negative Phrase,inne typy pomp i urządzeń
DEWAX | Regiony,,kocioł gazowy cena,Negative Phrase,inne typy pomp i urządzeń
DEWAX | Regiony,,schemat,Negative Phrase,"informacje, DIY, schematy"
DEWAX | Regiony,,schematy,Negative Phrase,"informacje, DIY, schematy"
DEWAX | Regiony,,instrukcja,Negative Phrase,"informacje, DIY, schematy"
DEWAX | Regiony,,jak podłączyć,Negative Phrase,"informacje, DIY, schematy"
DEWAX | Regiony,,podłączenie,Negative Phrase,"informacje, DIY, schematy"
DEWAX | Regiony,,sterownik,Negative Phrase,"informacje, DIY, schematy"
DEWAX | Regiony,,samodzielny montaż,Negative Phrase,"informacje, DIY, schematy"
DEWAX | Regiony,,zrób sam,Negative Phrase,"informacje, DIY, schematy"
DEWAX | Regiony,,jak działa,Negative Phrase,"informacje, DIY, schematy"
DEWAX | Regiony,,zasada działania,Negative Phrase,"informacje, DIY, schematy"
DEWAX | Regiony,,na czym polega,Negative Phrase,"informacje, DIY, schematy"
DEWAX | Regiony,,co to jest,Negative Phrase,"informacje, DIY, schematy"
DEWAX | Regiony,,definicja,Negative Phrase,"informacje, DIY, schematy"
DEWAX | Regiony,,wikipedia,Negative Phrase,"informacje, DIY, schematy"
DEWAX | Regiony,,forum,Negative Phrase,"informacje, DIY, schematy"
DEWAX | Regiony,,ranking,Negative Phrase,"informacje, DIY, schematy"
DEWAX | Regiony,,pdf,Negative Phrase,"informacje, DIY, schematy"
DEWAX | Regiony,,test,Negative Phrase,"informacje, DIY, schematy"
DEWAX | Regiony,,praca,Negative Phrase,"praca, kursy, serwis, części"
DEWAX | Regiony,,zatrudnię,Negative Phrase,"praca, kursy, serwis, części"
DEWAX | Regiony,,zatrudnimy,Negative Phrase,"praca, kursy, serwis, części"
DEWAX | Regiony,,kurs,Negative Phrase,"praca, kursy, serwis, części"
DEWAX | Regiony,,szkolenie,Negative Phrase,"praca, kursy, serwis, części"
DEWAX | Regiony,,uprawnienia,Negative Phrase,"praca, kursy, serwis, części"
DEWAX | Regiony,,serwis,Negative Phrase,"praca, kursy, serwis, części"
DEWAX | Regiony,,naprawa,Negative Phrase,"praca, kursy, serwis, części"
DEWAX | Regiony,,awaria,Negative Phrase,"praca, kursy, serwis, części"
DEWAX | Regiony,,błąd,Negative Phrase,"praca, kursy, serwis, części"
DEWAX | Regiony,,kod błędu,Negative Phrase,"praca, kursy, serwis, części"
DEWAX | Regiony,,usterka,Negative Phrase,"praca, kursy, serwis, części"
DEWAX | Regiony,,części,Negative Phrase,"praca, kursy, serwis, części"
DEWAX | Regiony,,część,Negative Phrase,"praca, kursy, serwis, części"
DEWAX | Regiony,,sprężarka,Negative Phrase,"praca, kursy, serwis, części"
DEWAX | Regiony,,używana,Negative Phrase,"praca, kursy, serwis, części"
DEWAX | Regiony,,używane,Negative Phrase,"praca, kursy, serwis, części"
DEWAX | Regiony,,używany,Negative Phrase,"praca, kursy, serwis, części"
DEWAX | Regiony,,olx,Negative Phrase,"praca, kursy, serwis, części"
DEWAX | Regiony,,allegro,Negative Phrase,"praca, kursy, serwis, części"
DEWAX | Regiony,,sprzedam,Negative Phrase,"praca, kursy, serwis, części"
DEWAX | Regiony,,najtańsza,Negative Phrase,"praca, kursy, serwis, części"
DEWAX | Regiony,,najtańsze,Negative Phrase,"praca, kursy, serwis, części"
DEWAX | Regiony,,tania,Negative Phrase,"praca, kursy, serwis, części"
DEWAX | Regiony,,tanie,Negative Phrase,"praca, kursy, serwis, części"
DEWAX | Regiony,,chińska,Negative Phrase,"praca, kursy, serwis, części"
DEWAX | Regiony,,przemysłowa,Negative Phrase,"praca, kursy, serwis, części"
DEWAX | Regiony,,przemysłowe,Negative Phrase,"praca, kursy, serwis, części"
DEWAX | Regiony,,hala,Negative Phrase,"praca, kursy, serwis, części"
DEWAX | Regiony,,studnia,Negative Phrase,studnie i pompy do wody
DEWAX | Regiony,,studnie,Negative Phrase,studnie i pompy do wody
DEWAX | Regiony,,studniarz,Negative Phrase,studnie i pompy do wody
DEWAX | Regiony,,do studni,Negative Phrase,studnie i pompy do wody
DEWAX | Regiony,,hydrofor,Negative Phrase,studnie i pompy do wody
DEWAX | Regiony,,pompa głębinowa do,Negative Phrase,studnie i pompy do wody
DEWAX | Regiony,,pompy głębinowe do,Negative Phrase,studnie i pompy do wody
DEWAX | Regiony,,1 cal,Negative Phrase,studnie i pompy do wody
DEWAX | Regiony,,3 cale,Negative Phrase,studnie i pompy do wody
DEWAX | Regiony,,4 cale,Negative Phrase,studnie i pompy do wody
DEWAX | Regiony,,kraków,Negative Phrase,poza obszarem
DEWAX | Regiony,,krakow,Negative Phrase,poza obszarem
DEWAX | Regiony,,gdańsk,Negative Phrase,poza obszarem
DEWAX | Regiony,,gdansk,Negative Phrase,poza obszarem
DEWAX | Regiony,,gdynia,Negative Phrase,poza obszarem
DEWAX | Regiony,,szczecin,Negative Phrase,poza obszarem
DEWAX | Regiony,,lublin,Negative Phrase,poza obszarem
DEWAX | Regiony,,rzeszów,Negative Phrase,poza obszarem
DEWAX | Regiony,,rzeszow,Negative Phrase,poza obszarem
DEWAX | Regiony,,białystok,Negative Phrase,poza obszarem
DEWAX | Regiony,,bialystok,Negative Phrase,poza obszarem
DEWAX | Regiony,,olsztyn,Negative Phrase,poza obszarem
DEWAX | Regiony,,kielce,Negative Phrase,poza obszarem
DEWAX | Regiony,,opole,Negative Phrase,poza obszarem
DEWAX | Regiony,,zielona góra,Negative Phrase,poza obszarem
DEWAX | Regiony,,gorzów,Negative Phrase,poza obszarem
DEWAX | Regiony,,koszalin,Negative Phrase,poza obszarem
DEWAX | Regiony,,słupsk,Negative Phrase,poza obszarem
DEWAX | Regiony,,tarnów,Negative Phrase,poza obszarem
DEWAX | Regiony,,nowy sącz,Negative Phrase,poza obszarem
DEWAX | Regiony,,zakopane,Negative Phrase,poza obszarem
DEWAX | Regiony,,niemcy,Negative Phrase,poza obszarem
DEWAX | Regiony,,deutschland,Negative Phrase,poza obszarem
DEWAX | Regiony,,nibe,Negative Phrase,producenci i konkurenci (DEWAX montuje Thermokrafft i Buderus)
DEWAX | Regiony,,vaillant,Negative Phrase,producenci i konkurenci (DEWAX montuje Thermokrafft i Buderus)
DEWAX | Regiony,,viessmann,Negative Phrase,producenci i konkurenci (DEWAX montuje Thermokrafft i Buderus)
DEWAX | Regiony,,daikin,Negative Phrase,producenci i konkurenci (DEWAX montuje Thermokrafft i Buderus)
DEWAX | Regiony,,stiebel,Negative Phrase,producenci i konkurenci (DEWAX montuje Thermokrafft i Buderus)
DEWAX | Regiony,,stiebel eltron,Negative Phrase,producenci i konkurenci (DEWAX montuje Thermokrafft i Buderus)
DEWAX | Regiony,,thermia,Negative Phrase,producenci i konkurenci (DEWAX montuje Thermokrafft i Buderus)
DEWAX | Regiony,,galmet,Negative Phrase,producenci i konkurenci (DEWAX montuje Thermokrafft i Buderus)
DEWAX | Regiony,,gejzer,Negative Phrase,producenci i konkurenci (DEWAX montuje Thermokrafft i Buderus)
DEWAX | Regiony,,dimplex,Negative Phrase,producenci i konkurenci (DEWAX montuje Thermokrafft i Buderus)
DEWAX | Regiony,,ctc,Negative Phrase,producenci i konkurenci (DEWAX montuje Thermokrafft i Buderus)
DEWAX | Regiony,,mitsubishi,Negative Phrase,producenci i konkurenci (DEWAX montuje Thermokrafft i Buderus)
DEWAX | Regiony,,panasonic,Negative Phrase,producenci i konkurenci (DEWAX montuje Thermokrafft i Buderus)
DEWAX | Regiony,,bosch,Negative Phrase,producenci i konkurenci (DEWAX montuje Thermokrafft i Buderus)
DEWAX | Regiony,,kaisai,Negative Phrase,producenci i konkurenci (DEWAX montuje Thermokrafft i Buderus)
DEWAX | Regiony,,haier,Negative Phrase,producenci i konkurenci (DEWAX montuje Thermokrafft i Buderus)
DEWAX | Regiony,,york,Negative Phrase,producenci i konkurenci (DEWAX montuje Thermokrafft i Buderus)
DEWAX | Regiony,,qvantum,Negative Phrase,producenci i konkurenci (DEWAX montuje Thermokrafft i Buderus)
DEWAX | Regiony,,apic,Negative Phrase,producenci i konkurenci (DEWAX montuje Thermokrafft i Buderus)
DEWAX | Regiony,,a-pic,Negative Phrase,producenci i konkurenci (DEWAX montuje Thermokrafft i Buderus)
DEWAX | Regiony,,konceptus,Negative Phrase,producenci i konkurenci (DEWAX montuje Thermokrafft i Buderus)
DEWAX | Regiony,,vitocal,Negative Phrase,producenci i konkurenci (DEWAX montuje Thermokrafft i Buderus)
DEWAX | Regiony,,altherma,Negative Phrase,producenci i konkurenci (DEWAX montuje Thermokrafft i Buderus)
DEWAX | Regiony,,calibra,Negative Phrase,producenci i konkurenci (DEWAX montuje Thermokrafft i Buderus)
DEWAX | Regiony,,geodan,Negative Phrase,producenci i konkurenci (DEWAX montuje Thermokrafft i Buderus)
DEWAX | Regiony,,flexotherm,Negative Phrase,producenci i konkurenci (DEWAX montuje Thermokrafft i Buderus)
DEWAX | Regiony,,flexocompact,Negative Phrase,producenci i konkurenci (DEWAX montuje Thermokrafft i Buderus)
DEWAX | Regiony,,wolf,Negative Phrase,producenci i konkurenci (DEWAX montuje Thermokrafft i Buderus)
DEWAX | Regiony,,samsung,Negative Phrase,producenci i konkurenci (DEWAX montuje Thermokrafft i Buderus)
DEWAX | Regiony,,gree,Negative Phrase,producenci i konkurenci (DEWAX montuje Thermokrafft i Buderus)
DEWAX | Regiony,,midea,Negative Phrase,producenci i konkurenci (DEWAX montuje Thermokrafft i Buderus)
DEWAX | Regiony,,hewalex,Negative Phrase,producenci i konkurenci (DEWAX montuje Thermokrafft i Buderus)
DEWAX | Regiony,,ciepłozziemi,Negative Phrase,producenci i konkurenci (DEWAX montuje Thermokrafft i Buderus)
DEWAX | Regiony,,jurkowski,Negative Phrase,producenci i konkurenci (DEWAX montuje Thermokrafft i Buderus)
DEWAX | Regiony,,sevro,Negative Phrase,producenci i konkurenci (DEWAX montuje Thermokrafft i Buderus)
DEWAX | Regiony,,pan studniarz,Negative Phrase,producenci i konkurenci (DEWAX montuje Thermokrafft i Buderus)
DEWAX | Regiony,,powietrzna,Negative Phrase,tylko gruntowe
DEWAX | Regiony,,powietrznej,Negative Phrase,tylko gruntowe
DEWAX | Regiony,,powietrzne,Negative Phrase,tylko gruntowe
DEWAX | Regiony,,powietrznych,Negative Phrase,tylko gruntowe
