Campaign,Callout Text
DEWAX | Gruntowa pompa ciepła,Własna wiertnica
DEWAX | Gruntowa pompa ciepła,Odwiert i pompa: 1 umowa
DEWAX | Gruntowa pompa ciepła,Od 2007 roku
DEWAX | Gruntowa pompa ciepła,Kalkulator kosztu online
DEWAX | Gruntowa pompa ciepła,Próba szczelności
DEWAX | Gruntowa pompa ciepła,6 województw
DEWAX | Gruntowa pompa ciepła,Dokumentacja powykonawcza
DEWAX | Gruntowa pompa ciepła,Thermokrafft i Buderus
DEWAX | Gruntowa pompa ciepła,Bez podawania telefonu
DEWAX | Gruntowa pompa ciepła,Serwis z Dobrzycy
DEWAX | Odwierty i dolne źródło,Własna wiertnica
DEWAX | Odwierty i dolne źródło,Odwiert i pompa: 1 umowa
DEWAX | Odwierty i dolne źródło,Od 2007 roku
DEWAX | Odwierty i dolne źródło,Kalkulator kosztu online
DEWAX | Odwierty i dolne źródło,Próba szczelności
DEWAX | Odwierty i dolne źródło,6 województw
DEWAX | Odwierty i dolne źródło,Dokumentacja powykonawcza
DEWAX | Odwierty i dolne źródło,Thermokrafft i Buderus
DEWAX | Odwierty i dolne źródło,Bez podawania telefonu
DEWAX | Odwierty i dolne źródło,Serwis z Dobrzycy
DEWAX | Dotacje,Własna wiertnica
DEWAX | Dotacje,Odwiert i pompa: 1 umowa
DEWAX | Dotacje,Od 2007 roku
DEWAX | Dotacje,Kalkulator kosztu online
DEWAX | Dotacje,Próba szczelności
DEWAX | Dotacje,6 województw
DEWAX | Dotacje,Dokumentacja powykonawcza
DEWAX | Dotacje,Thermokrafft i Buderus
DEWAX | Dotacje,Bez podawania telefonu
DEWAX | Dotacje,Serwis z Dobrzycy
DEWAX | Marka,Własna wiertnica
DEWAX | Marka,Odwiert i pompa: 1 umowa
DEWAX | Marka,Od 2007 roku
DEWAX | Marka,Kalkulator kosztu online
DEWAX | Marka,Próba szczelności
DEWAX | Marka,6 województw
DEWAX | Marka,Dokumentacja powykonawcza
DEWAX | Marka,Thermokrafft i Buderus
DEWAX | Marka,Bez podawania telefonu
DEWAX | Marka,Serwis z Dobrzycy
DEWAX | Regiony,Własna wiertnica
DEWAX | Regiony,Odwiert i pompa: 1 umowa
DEWAX | Regiony,Od 2007 roku
DEWAX | Regiony,Kalkulator kosztu online
DEWAX | Regiony,Próba szczelności
DEWAX | Regiony,6 województw
DEWAX | Regiony,Dokumentacja powykonawcza
DEWAX | Regiony,Thermokrafft i Buderus
DEWAX | Regiony,Bez podawania telefonu
DEWAX | Regiony,Serwis z Dobrzycy
